吾de邪王真眼赛高,通信工程硕士,2022-04-16 23:03:24
bili_75045918878,ttk！,2022-04-16 23:03:24
夏夜里的飙车党,哈哈哈哈哈哈哈,2022-04-16 23:03:25
1236里,因为她寄了,2022-04-16 23:03:25
七在玄武国,ttk,2022-04-16 23:03:26
清风_画凉,魔方寄录,2022-04-16 23:03:26
時间の魔法,晚上好,2022-04-16 23:03:26
月岚风,寄了,2022-04-16 23:03:27
REALKAEIDA,通 信 工 程,2022-04-16 23:03:27
星象幻煌,因为寄了,2022-04-16 23:03:27
主播丶潜质,hhhhhhhhh,2022-04-15 20:57:16
主播丶潜质,史官呢？,2022-04-15 22:11:06
主播丶潜质,草……,2022-04-15 22:14:06
主播丶潜质,带来笑容！！！！！,2022-04-15 22:14:15
玖季Starlight,(=・ω・=),2022-04-15 23:20:50
玖季Starlight,(=・ω・=),2022-04-16 01:06:08
主播丶潜质,鳗鳗直呼不如,2022-04-16 21:41:28
主播丶潜质,0,2022-04-16 22:23:03
主播丶潜质,还有半小时,2022-04-16 22:30:50
主播丶潜质,对的捏,2022-04-16 22:32:13
七方禁行,这什么树海化,2022-04-16 23:05:11
反监罐头大王,丘比可爱,2022-04-16 23:05:12
joker果冻,嘘————,2022-04-16 23:05:13
追逐繁星的明月,果然是这段,2022-04-16 23:05:14
懒癌晚期终焉酱,QB必须死）,2022-04-16 23:05:15
曼联名宿娃娃脸索肖,age,2022-04-16 23:05:17
贰零壹捌年壹月拾肆号,桜(✿´ ꒳ ` ),2022-04-16 23:05:18
摸鱼0-0,别尬黑 切的导剪版,2022-04-16 23:05:20
渚芷央Official,QB看似输了，可是它笑到最后了,2022-04-16 23:05:21
PINKYFREAK,怎么qb还没被烧烤啊,2022-04-16 23:05:23
主播丶潜质,hhhhhhhhh,2022-04-15 20:57:16
主播丶潜质,史官呢？,2022-04-15 22:11:06
主播丶潜质,草……,2022-04-15 22:14:06
主播丶潜质,带来笑容！！！！！,2022-04-15 22:14:15
玖季Starlight,(=・ω・=),2022-04-15 23:20:50
玖季Starlight,(=・ω・=),2022-04-16 01:06:08
主播丶潜质,鳗鳗直呼不如,2022-04-16 21:41:28
主播丶潜质,0,2022-04-16 22:23:03
主播丶潜质,还有半小时,2022-04-16 22:30:50
主播丶潜质,对的捏,2022-04-16 22:32:13
追逐繁星的明月,果然是这段,2022-04-16 23:05:14
懒癌晚期终焉酱,QB必须死）,2022-04-16 23:05:15
曼联名宿娃娃脸索肖,age,2022-04-16 23:05:17
贰零壹捌年壹月拾肆号,桜(✿´ ꒳ ` ),2022-04-16 23:05:18
摸鱼0-0,别尬黑 切的导剪版,2022-04-16 23:05:20
渚芷央Official,QB看似输了，可是它笑到最后了,2022-04-16 23:05:21
PINKYFREAK,怎么qb还没被烧烤啊,2022-04-16 23:05:23
是世界输了,太缺德了，这是吃绝户啊,2022-04-16 23:05:29
麓雪生尘,鲜切,2022-04-16 23:05:30
Eris在练剑,45度,2022-04-16 23:05:32
主播丶潜质,hhhhhhhhh,2022-04-15 20:57:16
主播丶潜质,史官呢？,2022-04-15 22:11:06
主播丶潜质,草……,2022-04-15 22:14:06
主播丶潜质,带来笑容！！！！！,2022-04-15 22:14:15
玖季Starlight,(=・ω・=),2022-04-15 23:20:50
玖季Starlight,(=・ω・=),2022-04-16 01:06:08
主播丶潜质,鳗鳗直呼不如,2022-04-16 21:41:28
主播丶潜质,0,2022-04-16 22:23:03
主播丶潜质,还有半小时,2022-04-16 22:30:50
主播丶潜质,对的捏,2022-04-16 22:32:13
贰零壹捌年壹月拾肆号,桜(✿´ ꒳ ` ),2022-04-16 23:05:18
摸鱼0-0,别尬黑 切的导剪版,2022-04-16 23:05:20
渚芷央Official,QB看似输了，可是它笑到最后了,2022-04-16 23:05:21
PINKYFREAK,怎么qb还没被烧烤啊,2022-04-16 23:05:23
是世界输了,太缺德了，这是吃绝户啊,2022-04-16 23:05:29
麓雪生尘,鲜切,2022-04-16 23:05:30
Eris在练剑,45度,2022-04-16 23:05:32
攻之崎,现切,2022-04-16 23:05:35
whoaight,快住手这已经不是----,2022-04-16 23:05:37
黑茶·咖啡,这个画面怎么感觉有点崩,2022-04-16 23:05:38
主播丶潜质,hhhhhhhhh,2022-04-15 20:57:16
主播丶潜质,史官呢？,2022-04-15 22:11:06
主播丶潜质,草……,2022-04-15 22:14:06
主播丶潜质,带来笑容！！！！！,2022-04-15 22:14:15
玖季Starlight,(=・ω・=),2022-04-15 23:20:50
玖季Starlight,(=・ω・=),2022-04-16 01:06:08
主播丶潜质,鳗鳗直呼不如,2022-04-16 21:41:28
主播丶潜质,0,2022-04-16 22:23:03
主播丶潜质,还有半小时,2022-04-16 22:30:50
主播丶潜质,对的捏,2022-04-16 22:32:13
whoaight,快住手这已经不是----,2022-04-16 23:05:37
黑茶·咖啡,这个画面怎么感觉有点崩,2022-04-16 23:05:38
樱盛花鸟,这是导演切的吗,2022-04-16 23:05:39
欢者自欢sam,草,2022-04-16 23:05:40
Konpaku, 理论计算,2022-04-16 23:05:40
KiriharaRyouji--,age？,2022-04-16 23:05:40
洛洛洛洛克希,age是吧,2022-04-16 23:05:40
嗨锤子啊还不去睡,45度,2022-04-16 23:05:41
meAquaaa,刚刚是不是45了,2022-04-16 23:05:41
不大的雾,钉宫啊,2022-04-16 23:05:42
主播丶潜质,hhhhhhhhh,2022-04-15 20:57:16
主播丶潜质,史官呢？,2022-04-15 22:11:06
主播丶潜质,草……,2022-04-15 22:14:06
主播丶潜质,带来笑容！！！！！,2022-04-15 22:14:15
玖季Starlight,(=・ω・=),2022-04-15 23:20:50
玖季Starlight,(=・ω・=),2022-04-16 01:06:08
主播丶潜质,鳗鳗直呼不如,2022-04-16 21:41:28
主播丶潜质,0,2022-04-16 22:23:03
主播丶潜质,还有半小时,2022-04-16 22:30:50
主播丶潜质,对的捏,2022-04-16 22:32:13
樱盛花鸟,这是导演切的吗,2022-04-16 23:05:39
欢者自欢sam,草,2022-04-16 23:05:40
Konpaku, 理论计算,2022-04-16 23:05:40
KiriharaRyouji--,age？,2022-04-16 23:05:40
洛洛洛洛克希,age是吧,2022-04-16 23:05:40
嗨锤子啊还不去睡,45度,2022-04-16 23:05:41
meAquaaa,刚刚是不是45了,2022-04-16 23:05:41
不大的雾,钉宫啊,2022-04-16 23:05:42
DJ史密斯一乀一,草,2022-04-16 23:05:47
为中国动画崛起而读书,？,2022-04-16 23:05:48
主播丶潜质,hhhhhhhhh,2022-04-15 20:57:16
主播丶潜质,史官呢？,2022-04-15 22:11:06
主播丶潜质,草……,2022-04-15 22:14:06
主播丶潜质,带来笑容！！！！！,2022-04-15 22:14:15
玖季Starlight,(=・ω・=),2022-04-15 23:20:50
玖季Starlight,(=・ω・=),2022-04-16 01:06:08
主播丶潜质,鳗鳗直呼不如,2022-04-16 21:41:28
主播丶潜质,0,2022-04-16 22:23:03
主播丶潜质,还有半小时,2022-04-16 22:30:50
主播丶潜质,对的捏,2022-04-16 22:32:13
大黑亭文狐,վ'ᴗ' ի,2022-04-17 09:46:43
你猜猜我的名子,钝角,2022-04-17 09:47:11
我一直是纯良原友捏,(｀・ω・´),2022-04-17 09:53:56
九条-カレン,打卡,2022-04-17 09:54:10
我辉,打卡喽,2022-04-17 09:54:57
我辉,打卡喽,2022-04-17 09:55:27
叶然2233,.,2022-04-17 09:56:02
楚歌Rbcl,赞,2022-04-17 10:01:20
天是海天的蓝,打卡,2022-04-17 10:01:55
唐可可我最闪耀,打卡,2022-04-17 10:02:11
主播丶潜质,草……,2022-04-15 22:14:06
主播丶潜质,带来笑容！！！！！,2022-04-15 22:14:15
玖季Starlight,(=・ω・=),2022-04-15 23:20:50
玖季Starlight,(=・ω・=),2022-04-16 01:06:08
主播丶潜质,鳗鳗直呼不如,2022-04-16 21:41:28
主播丶潜质,0,2022-04-16 22:23:03
主播丶潜质,还有半小时,2022-04-16 22:30:50
主播丶潜质,对的捏,2022-04-16 22:32:13
主播丶潜质,乐,2022-04-16 23:32:37
玖季Starlight,(=・ω・=),2022-04-17 00:24:03
我辉,打卡喽,2022-04-17 09:54:57
我辉,打卡喽,2022-04-17 09:55:27
叶然2233,.,2022-04-17 09:56:02
楚歌Rbcl,赞,2022-04-17 10:01:20
天是海天的蓝,打卡,2022-04-17 10:01:55
唐可可我最闪耀,打卡,2022-04-17 10:02:11
还挺幽默的,_(:3」∠)_,2022-04-17 10:05:21
施情化翼,(￣3￣),2022-04-17 10:05:22
立刻开始学习,_(:3」∠)_,2022-04-17 10:05:30
无色LemonTea,_(:3」∠)_,2022-04-17 10:05:31
主播丶潜质,草……,2022-04-15 22:14:06
主播丶潜质,带来笑容！！！！！,2022-04-15 22:14:15
玖季Starlight,(=・ω・=),2022-04-15 23:20:50
玖季Starlight,(=・ω・=),2022-04-16 01:06:08
主播丶潜质,鳗鳗直呼不如,2022-04-16 21:41:28
主播丶潜质,0,2022-04-16 22:23:03
主播丶潜质,还有半小时,2022-04-16 22:30:50
主播丶潜质,对的捏,2022-04-16 22:32:13
主播丶潜质,乐,2022-04-16 23:32:37
玖季Starlight,(=・ω・=),2022-04-17 00:24:03
我辉,打卡喽,2022-04-17 09:54:57
我辉,打卡喽,2022-04-17 09:55:27
叶然2233,.,2022-04-17 09:56:02
楚歌Rbcl,赞,2022-04-17 10:01:20
天是海天的蓝,打卡,2022-04-17 10:01:55
唐可可我最闪耀,打卡,2022-04-17 10:02:11
还挺幽默的,_(:3」∠)_,2022-04-17 10:05:21
施情化翼,(￣3￣),2022-04-17 10:05:22
立刻开始学习,_(:3」∠)_,2022-04-17 10:05:30
无色LemonTea,_(:3」∠)_,2022-04-17 10:05:31
主播丶潜质,草……,2022-04-15 22:14:06
主播丶潜质,带来笑容！！！！！,2022-04-15 22:14:15
玖季Starlight,(=・ω・=),2022-04-15 23:20:50
玖季Starlight,(=・ω・=),2022-04-16 01:06:08
主播丶潜质,鳗鳗直呼不如,2022-04-16 21:41:28
主播丶潜质,0,2022-04-16 22:23:03
主播丶潜质,还有半小时,2022-04-16 22:30:50
主播丶潜质,对的捏,2022-04-16 22:32:13
主播丶潜质,乐,2022-04-16 23:32:37
玖季Starlight,(=・ω・=),2022-04-17 00:24:03
我辉,打卡喽,2022-04-17 09:54:57
我辉,打卡喽,2022-04-17 09:55:27
叶然2233,.,2022-04-17 09:56:02
楚歌Rbcl,赞,2022-04-17 10:01:20
天是海天的蓝,打卡,2022-04-17 10:01:55
唐可可我最闪耀,打卡,2022-04-17 10:02:11
还挺幽默的,_(:3」∠)_,2022-04-17 10:05:21
施情化翼,(￣3￣),2022-04-17 10:05:22
立刻开始学习,_(:3」∠)_,2022-04-17 10:05:30
无色LemonTea,_(:3」∠)_,2022-04-17 10:05:31
主播丶潜质,草……,2022-04-15 22:14:06
主播丶潜质,带来笑容！！！！！,2022-04-15 22:14:15
玖季Starlight,(=・ω・=),2022-04-15 23:20:50
玖季Starlight,(=・ω・=),2022-04-16 01:06:08
主播丶潜质,鳗鳗直呼不如,2022-04-16 21:41:28
主播丶潜质,0,2022-04-16 22:23:03
主播丶潜质,还有半小时,2022-04-16 22:30:50
主播丶潜质,对的捏,2022-04-16 22:32:13
主播丶潜质,乐,2022-04-16 23:32:37
玖季Starlight,(=・ω・=),2022-04-17 00:24:03
立刻开始学习,_(:3」∠)_,2022-04-17 10:05:30
无色LemonTea,_(:3」∠)_,2022-04-17 10:05:31
唧唧柚呀,_(:3」∠)_,2022-04-17 10:10:21
GNK48-玻璃瓶放硫酸铜,（￣▽￣）,2022-04-17 10:10:23
Ai-Bot,打卡,2022-04-17 10:10:30
夜缡_,来了来了,2022-04-17 10:11:31
喷梓,打卡,2022-04-17 10:15:08
Ai-Bot,打卡,2022-04-17 10:20:30
Rosmontisxcw,1,2022-04-17 10:20:57
幡田零姐姐啦,妙啊,2022-04-17 10:22:26
主播丶潜质,草……,2022-04-15 22:14:06
主播丶潜质,带来笑容！！！！！,2022-04-15 22:14:15
玖季Starlight,(=・ω・=),2022-04-15 23:20:50
玖季Starlight,(=・ω・=),2022-04-16 01:06:08
主播丶潜质,鳗鳗直呼不如,2022-04-16 21:41:28
主播丶潜质,0,2022-04-16 22:23:03
主播丶潜质,还有半小时,2022-04-16 22:30:50
主播丶潜质,对的捏,2022-04-16 22:32:13
主播丶潜质,乐,2022-04-16 23:32:37
玖季Starlight,(=・ω・=),2022-04-17 00:24:03
立刻开始学习,_(:3」∠)_,2022-04-17 10:05:30
无色LemonTea,_(:3」∠)_,2022-04-17 10:05:31
唧唧柚呀,_(:3」∠)_,2022-04-17 10:10:21
GNK48-玻璃瓶放硫酸铜,（￣▽￣）,2022-04-17 10:10:23
Ai-Bot,打卡,2022-04-17 10:10:30
夜缡_,来了来了,2022-04-17 10:11:31
喷梓,打卡,2022-04-17 10:15:08
Ai-Bot,打卡,2022-04-17 10:20:30
Rosmontisxcw,1,2022-04-17 10:20:57
幡田零姐姐啦,妙啊,2022-04-17 10:22:26
主播丶潜质,草……,2022-04-15 22:14:06
主播丶潜质,带来笑容！！！！！,2022-04-15 22:14:15
玖季Starlight,(=・ω・=),2022-04-15 23:20:50
玖季Starlight,(=・ω・=),2022-04-16 01:06:08
主播丶潜质,鳗鳗直呼不如,2022-04-16 21:41:28
主播丶潜质,0,2022-04-16 22:23:03
主播丶潜质,还有半小时,2022-04-16 22:30:50
主播丶潜质,对的捏,2022-04-16 22:32:13
主播丶潜质,乐,2022-04-16 23:32:37
玖季Starlight,(=・ω・=),2022-04-17 00:24:03
GNK48-玻璃瓶放硫酸铜,（￣▽￣）,2022-04-17 10:10:23
Ai-Bot,打卡,2022-04-17 10:10:30
夜缡_,来了来了,2022-04-17 10:11:31
喷梓,打卡,2022-04-17 10:15:08
Ai-Bot,打卡,2022-04-17 10:20:30
Rosmontisxcw,1,2022-04-17 10:20:57
幡田零姐姐啦,妙啊,2022-04-17 10:22:26
Ai-Bot,打卡,2022-04-17 10:30:31
一介散人A,(⌒▽⌒),2022-04-17 10:31:42
一介散人A,(⌒▽⌒),2022-04-17 10:32:03
主播丶潜质,草……,2022-04-15 22:14:06
主播丶潜质,带来笑容！！！！！,2022-04-15 22:14:15
玖季Starlight,(=・ω・=),2022-04-15 23:20:50
玖季Starlight,(=・ω・=),2022-04-16 01:06:08
主播丶潜质,鳗鳗直呼不如,2022-04-16 21:41:28
主播丶潜质,0,2022-04-16 22:23:03
主播丶潜质,还有半小时,2022-04-16 22:30:50
主播丶潜质,对的捏,2022-04-16 22:32:13
主播丶潜质,乐,2022-04-16 23:32:37
玖季Starlight,(=・ω・=),2022-04-17 00:24:03
GNK48-玻璃瓶放硫酸铜,（￣▽￣）,2022-04-17 10:10:23
Ai-Bot,打卡,2022-04-17 10:10:30
夜缡_,来了来了,2022-04-17 10:11:31
喷梓,打卡,2022-04-17 10:15:08
Ai-Bot,打卡,2022-04-17 10:20:30
Rosmontisxcw,1,2022-04-17 10:20:57
幡田零姐姐啦,妙啊,2022-04-17 10:22:26
Ai-Bot,打卡,2022-04-17 10:30:31
一介散人A,(⌒▽⌒),2022-04-17 10:31:42
一介散人A,(⌒▽⌒),2022-04-17 10:32:03
主播丶潜质,草……,2022-04-15 22:14:06
主播丶潜质,带来笑容！！！！！,2022-04-15 22:14:15
玖季Starlight,(=・ω・=),2022-04-15 23:20:50
玖季Starlight,(=・ω・=),2022-04-16 01:06:08
主播丶潜质,鳗鳗直呼不如,2022-04-16 21:41:28
主播丶潜质,0,2022-04-16 22:23:03
主播丶潜质,还有半小时,2022-04-16 22:30:50
主播丶潜质,对的捏,2022-04-16 22:32:13
主播丶潜质,乐,2022-04-16 23:32:37
玖季Starlight,(=・ω・=),2022-04-17 00:24:03
GNK48-玻璃瓶放硫酸铜,（￣▽￣）,2022-04-17 10:10:23
Ai-Bot,打卡,2022-04-17 10:10:30
夜缡_,来了来了,2022-04-17 10:11:31
喷梓,打卡,2022-04-17 10:15:08
Ai-Bot,打卡,2022-04-17 10:20:30
Rosmontisxcw,1,2022-04-17 10:20:57
幡田零姐姐啦,妙啊,2022-04-17 10:22:26
Ai-Bot,打卡,2022-04-17 10:30:31
一介散人A,(⌒▽⌒),2022-04-17 10:31:42
一介散人A,(⌒▽⌒),2022-04-17 10:32:03
主播丶潜质,草……,2022-04-15 22:14:06
主播丶潜质,带来笑容！！！！！,2022-04-15 22:14:15
玖季Starlight,(=・ω・=),2022-04-15 23:20:50
玖季Starlight,(=・ω・=),2022-04-16 01:06:08
主播丶潜质,鳗鳗直呼不如,2022-04-16 21:41:28
主播丶潜质,0,2022-04-16 22:23:03
主播丶潜质,还有半小时,2022-04-16 22:30:50
主播丶潜质,对的捏,2022-04-16 22:32:13
主播丶潜质,乐,2022-04-16 23:32:37
玖季Starlight,(=・ω・=),2022-04-17 00:24:03
Ai-Bot,打卡,2022-04-17 10:10:30
夜缡_,来了来了,2022-04-17 10:11:31
喷梓,打卡,2022-04-17 10:15:08
Ai-Bot,打卡,2022-04-17 10:20:30
Rosmontisxcw,1,2022-04-17 10:20:57
幡田零姐姐啦,妙啊,2022-04-17 10:22:26
Ai-Bot,打卡,2022-04-17 10:30:31
一介散人A,(⌒▽⌒),2022-04-17 10:31:42
一介散人A,(⌒▽⌒),2022-04-17 10:32:03
御坂美琴魔,打卡,2022-04-17 10:33:53
主播丶潜质,草……,2022-04-15 22:14:06
主播丶潜质,带来笑容！！！！！,2022-04-15 22:14:15
玖季Starlight,(=・ω・=),2022-04-15 23:20:50
玖季Starlight,(=・ω・=),2022-04-16 01:06:08
主播丶潜质,鳗鳗直呼不如,2022-04-16 21:41:28
主播丶潜质,0,2022-04-16 22:23:03
主播丶潜质,还有半小时,2022-04-16 22:30:50
主播丶潜质,对的捏,2022-04-16 22:32:13
主播丶潜质,乐,2022-04-16 23:32:37
玖季Starlight,(=・ω・=),2022-04-17 00:24:03
Ai-Bot,打卡,2022-04-17 10:10:30
夜缡_,来了来了,2022-04-17 10:11:31
喷梓,打卡,2022-04-17 10:15:08
Ai-Bot,打卡,2022-04-17 10:20:30
Rosmontisxcw,1,2022-04-17 10:20:57
幡田零姐姐啦,妙啊,2022-04-17 10:22:26
Ai-Bot,打卡,2022-04-17 10:30:31
一介散人A,(⌒▽⌒),2022-04-17 10:31:42
一介散人A,(⌒▽⌒),2022-04-17 10:32:03
御坂美琴魔,打卡,2022-04-17 10:33:53
主播丶潜质,草……,2022-04-15 22:14:06
主播丶潜质,带来笑容！！！！！,2022-04-15 22:14:15
玖季Starlight,(=・ω・=),2022-04-15 23:20:50
玖季Starlight,(=・ω・=),2022-04-16 01:06:08
主播丶潜质,鳗鳗直呼不如,2022-04-16 21:41:28
主播丶潜质,0,2022-04-16 22:23:03
主播丶潜质,还有半小时,2022-04-16 22:30:50
主播丶潜质,对的捏,2022-04-16 22:32:13
主播丶潜质,乐,2022-04-16 23:32:37
玖季Starlight,(=・ω・=),2022-04-17 00:24:03
Ai-Bot,打卡,2022-04-17 10:10:30
夜缡_,来了来了,2022-04-17 10:11:31
喷梓,打卡,2022-04-17 10:15:08
Ai-Bot,打卡,2022-04-17 10:20:30
Rosmontisxcw,1,2022-04-17 10:20:57
幡田零姐姐啦,妙啊,2022-04-17 10:22:26
Ai-Bot,打卡,2022-04-17 10:30:31
一介散人A,(⌒▽⌒),2022-04-17 10:31:42
一介散人A,(⌒▽⌒),2022-04-17 10:32:03
御坂美琴魔,打卡,2022-04-17 10:33:53
主播丶潜质,草……,2022-04-15 22:14:06
主播丶潜质,带来笑容！！！！！,2022-04-15 22:14:15
玖季Starlight,(=・ω・=),2022-04-15 23:20:50
玖季Starlight,(=・ω・=),2022-04-16 01:06:08
主播丶潜质,鳗鳗直呼不如,2022-04-16 21:41:28
主播丶潜质,0,2022-04-16 22:23:03
主播丶潜质,还有半小时,2022-04-16 22:30:50
主播丶潜质,对的捏,2022-04-16 22:32:13
主播丶潜质,乐,2022-04-16 23:32:37
玖季Starlight,(=・ω・=),2022-04-17 00:24:03
夜缡_,来了来了,2022-04-17 10:11:31
喷梓,打卡,2022-04-17 10:15:08
Ai-Bot,打卡,2022-04-17 10:20:30
Rosmontisxcw,1,2022-04-17 10:20:57
幡田零姐姐啦,妙啊,2022-04-17 10:22:26
Ai-Bot,打卡,2022-04-17 10:30:31
一介散人A,(⌒▽⌒),2022-04-17 10:31:42
一介散人A,(⌒▽⌒),2022-04-17 10:32:03
御坂美琴魔,打卡,2022-04-17 10:33:53
无极边界,(￣3￣),2022-04-17 10:34:14
主播丶潜质,草……,2022-04-15 22:14:06
主播丶潜质,带来笑容！！！！！,2022-04-15 22:14:15
玖季Starlight,(=・ω・=),2022-04-15 23:20:50
玖季Starlight,(=・ω・=),2022-04-16 01:06:08
主播丶潜质,鳗鳗直呼不如,2022-04-16 21:41:28
主播丶潜质,0,2022-04-16 22:23:03
主播丶潜质,还有半小时,2022-04-16 22:30:50
主播丶潜质,对的捏,2022-04-16 22:32:13
主播丶潜质,乐,2022-04-16 23:32:37
玖季Starlight,(=・ω・=),2022-04-17 00:24:03
一介散人A,(⌒▽⌒),2022-04-17 10:31:42
一介散人A,(⌒▽⌒),2022-04-17 10:32:03
御坂美琴魔,打卡,2022-04-17 10:33:53
无极边界,(￣3￣),2022-04-17 10:34:14
Dkkk丶,(〜￣△￣)〜,2022-04-17 10:34:54
要变秃的木木,⁄(⁄ ⁄•⁄ω⁄•⁄ ⁄)⁄,2022-04-17 10:36:29
玉箫瑶,打卡,2022-04-17 10:39:41
Zhengjc游戏实况转播,123.,2022-04-17 10:39:46
Ai-Bot,打卡,2022-04-17 10:40:31
BK0717_晃悠悠,←◡←,2022-04-17 10:41:28
主播丶潜质,草……,2022-04-15 22:14:06
主播丶潜质,带来笑容！！！！！,2022-04-15 22:14:15
玖季Starlight,(=・ω・=),2022-04-15 23:20:50
玖季Starlight,(=・ω・=),2022-04-16 01:06:08
主播丶潜质,鳗鳗直呼不如,2022-04-16 21:41:28
主播丶潜质,0,2022-04-16 22:23:03
主播丶潜质,还有半小时,2022-04-16 22:30:50
主播丶潜质,对的捏,2022-04-16 22:32:13
主播丶潜质,乐,2022-04-16 23:32:37
玖季Starlight,(=・ω・=),2022-04-17 00:24:03
一介散人A,(⌒▽⌒),2022-04-17 10:31:42
一介散人A,(⌒▽⌒),2022-04-17 10:32:03
御坂美琴魔,打卡,2022-04-17 10:33:53
无极边界,(￣3￣),2022-04-17 10:34:14
Dkkk丶,(〜￣△￣)〜,2022-04-17 10:34:54
要变秃的木木,⁄(⁄ ⁄•⁄ω⁄•⁄ ⁄)⁄,2022-04-17 10:36:29
玉箫瑶,打卡,2022-04-17 10:39:41
Zhengjc游戏实况转播,123.,2022-04-17 10:39:46
Ai-Bot,打卡,2022-04-17 10:40:31
BK0717_晃悠悠,←◡←,2022-04-17 10:41:28
主播丶潜质,草……,2022-04-15 22:14:06
主播丶潜质,带来笑容！！！！！,2022-04-15 22:14:15
玖季Starlight,(=・ω・=),2022-04-15 23:20:50
玖季Starlight,(=・ω・=),2022-04-16 01:06:08
主播丶潜质,鳗鳗直呼不如,2022-04-16 21:41:28
主播丶潜质,0,2022-04-16 22:23:03
主播丶潜质,还有半小时,2022-04-16 22:30:50
主播丶潜质,对的捏,2022-04-16 22:32:13
主播丶潜质,乐,2022-04-16 23:32:37
玖季Starlight,(=・ω・=),2022-04-17 00:24:03
一介散人A,(⌒▽⌒),2022-04-17 10:31:42
一介散人A,(⌒▽⌒),2022-04-17 10:32:03
御坂美琴魔,打卡,2022-04-17 10:33:53
无极边界,(￣3￣),2022-04-17 10:34:14
Dkkk丶,(〜￣△￣)〜,2022-04-17 10:34:54
要变秃的木木,⁄(⁄ ⁄•⁄ω⁄•⁄ ⁄)⁄,2022-04-17 10:36:29
玉箫瑶,打卡,2022-04-17 10:39:41
Zhengjc游戏实况转播,123.,2022-04-17 10:39:46
Ai-Bot,打卡,2022-04-17 10:40:31
BK0717_晃悠悠,←◡←,2022-04-17 10:41:28
主播丶潜质,草……,2022-04-15 22:14:06
主播丶潜质,带来笑容！！！！！,2022-04-15 22:14:15
玖季Starlight,(=・ω・=),2022-04-15 23:20:50
玖季Starlight,(=・ω・=),2022-04-16 01:06:08
主播丶潜质,鳗鳗直呼不如,2022-04-16 21:41:28
主播丶潜质,0,2022-04-16 22:23:03
主播丶潜质,还有半小时,2022-04-16 22:30:50
主播丶潜质,对的捏,2022-04-16 22:32:13
主播丶潜质,乐,2022-04-16 23:32:37
玖季Starlight,(=・ω・=),2022-04-17 00:24:03
一介散人A,(⌒▽⌒),2022-04-17 10:31:42
一介散人A,(⌒▽⌒),2022-04-17 10:32:03
御坂美琴魔,打卡,2022-04-17 10:33:53
无极边界,(￣3￣),2022-04-17 10:34:14
Dkkk丶,(〜￣△￣)〜,2022-04-17 10:34:54
要变秃的木木,⁄(⁄ ⁄•⁄ω⁄•⁄ ⁄)⁄,2022-04-17 10:36:29
玉箫瑶,打卡,2022-04-17 10:39:41
Zhengjc游戏实况转播,123.,2022-04-17 10:39:46
Ai-Bot,打卡,2022-04-17 10:40:31
BK0717_晃悠悠,←◡←,2022-04-17 10:41:28
主播丶潜质,草……,2022-04-15 22:14:06
主播丶潜质,带来笑容！！！！！,2022-04-15 22:14:15
玖季Starlight,(=・ω・=),2022-04-15 23:20:50
玖季Starlight,(=・ω・=),2022-04-16 01:06:08
主播丶潜质,鳗鳗直呼不如,2022-04-16 21:41:28
主播丶潜质,0,2022-04-16 22:23:03
主播丶潜质,还有半小时,2022-04-16 22:30:50
主播丶潜质,对的捏,2022-04-16 22:32:13
主播丶潜质,乐,2022-04-16 23:32:37
玖季Starlight,(=・ω・=),2022-04-17 00:24:03
一介散人A,(⌒▽⌒),2022-04-17 10:31:42
一介散人A,(⌒▽⌒),2022-04-17 10:32:03
御坂美琴魔,打卡,2022-04-17 10:33:53
无极边界,(￣3￣),2022-04-17 10:34:14
Dkkk丶,(〜￣△￣)〜,2022-04-17 10:34:54
要变秃的木木,⁄(⁄ ⁄•⁄ω⁄•⁄ ⁄)⁄,2022-04-17 10:36:29
玉箫瑶,打卡,2022-04-17 10:39:41
Zhengjc游戏实况转播,123.,2022-04-17 10:39:46
Ai-Bot,打卡,2022-04-17 10:40:31
BK0717_晃悠悠,←◡←,2022-04-17 10:41:28
主播丶潜质,草……,2022-04-15 22:14:06
主播丶潜质,带来笑容！！！！！,2022-04-15 22:14:15
玖季Starlight,(=・ω・=),2022-04-15 23:20:50
玖季Starlight,(=・ω・=),2022-04-16 01:06:08
主播丶潜质,鳗鳗直呼不如,2022-04-16 21:41:28
主播丶潜质,0,2022-04-16 22:23:03
主播丶潜质,还有半小时,2022-04-16 22:30:50
主播丶潜质,对的捏,2022-04-16 22:32:13
主播丶潜质,乐,2022-04-16 23:32:37
玖季Starlight,(=・ω・=),2022-04-17 00:24:03
一介散人A,(⌒▽⌒),2022-04-17 10:31:42
一介散人A,(⌒▽⌒),2022-04-17 10:32:03
御坂美琴魔,打卡,2022-04-17 10:33:53
无极边界,(￣3￣),2022-04-17 10:34:14
Dkkk丶,(〜￣△￣)〜,2022-04-17 10:34:54
要变秃的木木,⁄(⁄ ⁄•⁄ω⁄•⁄ ⁄)⁄,2022-04-17 10:36:29
玉箫瑶,打卡,2022-04-17 10:39:41
Zhengjc游戏实况转播,123.,2022-04-17 10:39:46
Ai-Bot,打卡,2022-04-17 10:40:31
BK0717_晃悠悠,←◡←,2022-04-17 10:41:28
主播丶潜质,草……,2022-04-15 22:14:06
主播丶潜质,带来笑容！！！！！,2022-04-15 22:14:15
玖季Starlight,(=・ω・=),2022-04-15 23:20:50
玖季Starlight,(=・ω・=),2022-04-16 01:06:08
主播丶潜质,鳗鳗直呼不如,2022-04-16 21:41:28
主播丶潜质,0,2022-04-16 22:23:03
主播丶潜质,还有半小时,2022-04-16 22:30:50
主播丶潜质,对的捏,2022-04-16 22:32:13
主播丶潜质,乐,2022-04-16 23:32:37
玖季Starlight,(=・ω・=),2022-04-17 00:24:03
一介散人A,(⌒▽⌒),2022-04-17 10:31:42
一介散人A,(⌒▽⌒),2022-04-17 10:32:03
御坂美琴魔,打卡,2022-04-17 10:33:53
无极边界,(￣3￣),2022-04-17 10:34:14
Dkkk丶,(〜￣△￣)〜,2022-04-17 10:34:54
要变秃的木木,⁄(⁄ ⁄•⁄ω⁄•⁄ ⁄)⁄,2022-04-17 10:36:29
玉箫瑶,打卡,2022-04-17 10:39:41
Zhengjc游戏实况转播,123.,2022-04-17 10:39:46
Ai-Bot,打卡,2022-04-17 10:40:31
BK0717_晃悠悠,←◡←,2022-04-17 10:41:28
主播丶潜质,草……,2022-04-15 22:14:06
主播丶潜质,带来笑容！！！！！,2022-04-15 22:14:15
玖季Starlight,(=・ω・=),2022-04-15 23:20:50
玖季Starlight,(=・ω・=),2022-04-16 01:06:08
主播丶潜质,鳗鳗直呼不如,2022-04-16 21:41:28
主播丶潜质,0,2022-04-16 22:23:03
主播丶潜质,还有半小时,2022-04-16 22:30:50
主播丶潜质,对的捏,2022-04-16 22:32:13
主播丶潜质,乐,2022-04-16 23:32:37
玖季Starlight,(=・ω・=),2022-04-17 00:24:03
Zhengjc游戏实况转播,123.,2022-04-17 10:39:46
Ai-Bot,打卡,2022-04-17 10:40:31
BK0717_晃悠悠,←◡←,2022-04-17 10:41:28
bits_stdc艹h,(･∀･),2022-04-17 10:47:11
泽酱K-ON,(･∀･),2022-04-17 10:48:00
奥西耶克,1,2022-04-17 10:48:20
游星QwQ,（￣▽￣）,2022-04-17 10:48:35
Ai-Bot,打卡,2022-04-17 10:50:31
Gerry_热里,弹幕签到补偿thi,2022-04-17 10:55:01
好想睡个觉啊,ヽ(°∀°)ﾉ,2022-04-17 10:57:07
主播丶潜质,草……,2022-04-15 22:14:06
主播丶潜质,带来笑容！！！！！,2022-04-15 22:14:15
玖季Starlight,(=・ω・=),2022-04-15 23:20:50
玖季Starlight,(=・ω・=),2022-04-16 01:06:08
主播丶潜质,鳗鳗直呼不如,2022-04-16 21:41:28
主播丶潜质,0,2022-04-16 22:23:03
主播丶潜质,还有半小时,2022-04-16 22:30:50
主播丶潜质,对的捏,2022-04-16 22:32:13
主播丶潜质,乐,2022-04-16 23:32:37
玖季Starlight,(=・ω・=),2022-04-17 00:24:03
Zhengjc游戏实况转播,123.,2022-04-17 10:39:46
Ai-Bot,打卡,2022-04-17 10:40:31
BK0717_晃悠悠,←◡←,2022-04-17 10:41:28
bits_stdc艹h,(･∀･),2022-04-17 10:47:11
泽酱K-ON,(･∀･),2022-04-17 10:48:00
奥西耶克,1,2022-04-17 10:48:20
游星QwQ,（￣▽￣）,2022-04-17 10:48:35
Ai-Bot,打卡,2022-04-17 10:50:31
Gerry_热里,弹幕签到补偿thi,2022-04-17 10:55:01
好想睡个觉啊,ヽ(°∀°)ﾉ,2022-04-17 10:57:07
主播丶潜质,草……,2022-04-15 22:14:06
主播丶潜质,带来笑容！！！！！,2022-04-15 22:14:15
玖季Starlight,(=・ω・=),2022-04-15 23:20:50
玖季Starlight,(=・ω・=),2022-04-16 01:06:08
主播丶潜质,鳗鳗直呼不如,2022-04-16 21:41:28
主播丶潜质,0,2022-04-16 22:23:03
主播丶潜质,还有半小时,2022-04-16 22:30:50
主播丶潜质,对的捏,2022-04-16 22:32:13
主播丶潜质,乐,2022-04-16 23:32:37
玖季Starlight,(=・ω・=),2022-04-17 00:24:03
BK0717_晃悠悠,←◡←,2022-04-17 10:41:28
bits_stdc艹h,(･∀･),2022-04-17 10:47:11
泽酱K-ON,(･∀･),2022-04-17 10:48:00
奥西耶克,1,2022-04-17 10:48:20
游星QwQ,（￣▽￣）,2022-04-17 10:48:35
Ai-Bot,打卡,2022-04-17 10:50:31
Gerry_热里,弹幕签到补偿thi,2022-04-17 10:55:01
好想睡个觉啊,ヽ(°∀°)ﾉ,2022-04-17 10:57:07
HCLonely,(<_<),2022-04-17 10:58:10
Ai-Bot,打卡,2022-04-17 11:00:31
主播丶潜质,草……,2022-04-15 22:14:06
主播丶潜质,带来笑容！！！！！,2022-04-15 22:14:15
玖季Starlight,(=・ω・=),2022-04-15 23:20:50
玖季Starlight,(=・ω・=),2022-04-16 01:06:08
主播丶潜质,鳗鳗直呼不如,2022-04-16 21:41:28
主播丶潜质,0,2022-04-16 22:23:03
主播丶潜质,还有半小时,2022-04-16 22:30:50
主播丶潜质,对的捏,2022-04-16 22:32:13
主播丶潜质,乐,2022-04-16 23:32:37
玖季Starlight,(=・ω・=),2022-04-17 00:24:03
BK0717_晃悠悠,←◡←,2022-04-17 10:41:28
bits_stdc艹h,(･∀･),2022-04-17 10:47:11
泽酱K-ON,(･∀･),2022-04-17 10:48:00
奥西耶克,1,2022-04-17 10:48:20
游星QwQ,（￣▽￣）,2022-04-17 10:48:35
Ai-Bot,打卡,2022-04-17 10:50:31
Gerry_热里,弹幕签到补偿thi,2022-04-17 10:55:01
好想睡个觉啊,ヽ(°∀°)ﾉ,2022-04-17 10:57:07
HCLonely,(<_<),2022-04-17 10:58:10
Ai-Bot,打卡,2022-04-17 11:00:31
主播丶潜质,草……,2022-04-15 22:14:06
主播丶潜质,带来笑容！！！！！,2022-04-15 22:14:15
玖季Starlight,(=・ω・=),2022-04-15 23:20:50
玖季Starlight,(=・ω・=),2022-04-16 01:06:08
主播丶潜质,鳗鳗直呼不如,2022-04-16 21:41:28
主播丶潜质,0,2022-04-16 22:23:03
主播丶潜质,还有半小时,2022-04-16 22:30:50
主播丶潜质,对的捏,2022-04-16 22:32:13
主播丶潜质,乐,2022-04-16 23:32:37
玖季Starlight,(=・ω・=),2022-04-17 00:24:03
BK0717_晃悠悠,←◡←,2022-04-17 10:41:28
bits_stdc艹h,(･∀･),2022-04-17 10:47:11
泽酱K-ON,(･∀･),2022-04-17 10:48:00
奥西耶克,1,2022-04-17 10:48:20
游星QwQ,（￣▽￣）,2022-04-17 10:48:35
Ai-Bot,打卡,2022-04-17 10:50:31
Gerry_热里,弹幕签到补偿thi,2022-04-17 10:55:01
好想睡个觉啊,ヽ(°∀°)ﾉ,2022-04-17 10:57:07
HCLonely,(<_<),2022-04-17 10:58:10
Ai-Bot,打卡,2022-04-17 11:00:31
主播丶潜质,草……,2022-04-15 22:14:06
主播丶潜质,带来笑容！！！！！,2022-04-15 22:14:15
玖季Starlight,(=・ω・=),2022-04-15 23:20:50
玖季Starlight,(=・ω・=),2022-04-16 01:06:08
主播丶潜质,鳗鳗直呼不如,2022-04-16 21:41:28
主播丶潜质,0,2022-04-16 22:23:03
主播丶潜质,还有半小时,2022-04-16 22:30:50
主播丶潜质,对的捏,2022-04-16 22:32:13
主播丶潜质,乐,2022-04-16 23:32:37
玖季Starlight,(=・ω・=),2022-04-17 00:24:03
bits_stdc艹h,(･∀･),2022-04-17 10:47:11
泽酱K-ON,(･∀･),2022-04-17 10:48:00
奥西耶克,1,2022-04-17 10:48:20
游星QwQ,（￣▽￣）,2022-04-17 10:48:35
Ai-Bot,打卡,2022-04-17 10:50:31
Gerry_热里,弹幕签到补偿thi,2022-04-17 10:55:01
好想睡个觉啊,ヽ(°∀°)ﾉ,2022-04-17 10:57:07
HCLonely,(<_<),2022-04-17 10:58:10
Ai-Bot,打卡,2022-04-17 11:00:31
一只AB丶,钝角,2022-04-17 11:01:42
主播丶潜质,草……,2022-04-15 22:14:06
主播丶潜质,带来笑容！！！！！,2022-04-15 22:14:15
玖季Starlight,(=・ω・=),2022-04-15 23:20:50
玖季Starlight,(=・ω・=),2022-04-16 01:06:08
主播丶潜质,鳗鳗直呼不如,2022-04-16 21:41:28
主播丶潜质,0,2022-04-16 22:23:03
主播丶潜质,还有半小时,2022-04-16 22:30:50
主播丶潜质,对的捏,2022-04-16 22:32:13
主播丶潜质,乐,2022-04-16 23:32:37
玖季Starlight,(=・ω・=),2022-04-17 00:24:03
bits_stdc艹h,(･∀･),2022-04-17 10:47:11
泽酱K-ON,(･∀･),2022-04-17 10:48:00
奥西耶克,1,2022-04-17 10:48:20
游星QwQ,（￣▽￣）,2022-04-17 10:48:35
Ai-Bot,打卡,2022-04-17 10:50:31
Gerry_热里,弹幕签到补偿thi,2022-04-17 10:55:01
好想睡个觉啊,ヽ(°∀°)ﾉ,2022-04-17 10:57:07
HCLonely,(<_<),2022-04-17 10:58:10
Ai-Bot,打卡,2022-04-17 11:00:31
一只AB丶,钝角,2022-04-17 11:01:42
主播丶潜质,草……,2022-04-15 22:14:06
主播丶潜质,带来笑容！！！！！,2022-04-15 22:14:15
玖季Starlight,(=・ω・=),2022-04-15 23:20:50
玖季Starlight,(=・ω・=),2022-04-16 01:06:08
主播丶潜质,鳗鳗直呼不如,2022-04-16 21:41:28
主播丶潜质,0,2022-04-16 22:23:03
主播丶潜质,还有半小时,2022-04-16 22:30:50
主播丶潜质,对的捏,2022-04-16 22:32:13
主播丶潜质,乐,2022-04-16 23:32:37
玖季Starlight,(=・ω・=),2022-04-17 00:24:03
泽酱K-ON,(･∀･),2022-04-17 10:48:00
奥西耶克,1,2022-04-17 10:48:20
游星QwQ,（￣▽￣）,2022-04-17 10:48:35
Ai-Bot,打卡,2022-04-17 10:50:31
Gerry_热里,弹幕签到补偿thi,2022-04-17 10:55:01
好想睡个觉啊,ヽ(°∀°)ﾉ,2022-04-17 10:57:07
HCLonely,(<_<),2022-04-17 10:58:10
Ai-Bot,打卡,2022-04-17 11:00:31
一只AB丶,钝角,2022-04-17 11:01:42
-铝热剂手雷-,(〜￣△￣)〜,2022-04-17 11:04:36
主播丶潜质,草……,2022-04-15 22:14:06
主播丶潜质,带来笑容！！！！！,2022-04-15 22:14:15
玖季Starlight,(=・ω・=),2022-04-15 23:20:50
玖季Starlight,(=・ω・=),2022-04-16 01:06:08
主播丶潜质,鳗鳗直呼不如,2022-04-16 21:41:28
主播丶潜质,0,2022-04-16 22:23:03
主播丶潜质,还有半小时,2022-04-16 22:30:50
主播丶潜质,对的捏,2022-04-16 22:32:13
主播丶潜质,乐,2022-04-16 23:32:37
玖季Starlight,(=・ω・=),2022-04-17 00:24:03
泽酱K-ON,(･∀･),2022-04-17 10:48:00
奥西耶克,1,2022-04-17 10:48:20
游星QwQ,（￣▽￣）,2022-04-17 10:48:35
Ai-Bot,打卡,2022-04-17 10:50:31
Gerry_热里,弹幕签到补偿thi,2022-04-17 10:55:01
好想睡个觉啊,ヽ(°∀°)ﾉ,2022-04-17 10:57:07
HCLonely,(<_<),2022-04-17 10:58:10
Ai-Bot,打卡,2022-04-17 11:00:31
一只AB丶,钝角,2022-04-17 11:01:42
-铝热剂手雷-,(〜￣△￣)〜,2022-04-17 11:04:36
主播丶潜质,草……,2022-04-15 22:14:06
主播丶潜质,带来笑容！！！！！,2022-04-15 22:14:15
玖季Starlight,(=・ω・=),2022-04-15 23:20:50
玖季Starlight,(=・ω・=),2022-04-16 01:06:08
主播丶潜质,鳗鳗直呼不如,2022-04-16 21:41:28
主播丶潜质,0,2022-04-16 22:23:03
主播丶潜质,还有半小时,2022-04-16 22:30:50
主播丶潜质,对的捏,2022-04-16 22:32:13
主播丶潜质,乐,2022-04-16 23:32:37
玖季Starlight,(=・ω・=),2022-04-17 00:24:03
泽酱K-ON,(･∀･),2022-04-17 10:48:00
奥西耶克,1,2022-04-17 10:48:20
游星QwQ,（￣▽￣）,2022-04-17 10:48:35
Ai-Bot,打卡,2022-04-17 10:50:31
Gerry_热里,弹幕签到补偿thi,2022-04-17 10:55:01
好想睡个觉啊,ヽ(°∀°)ﾉ,2022-04-17 10:57:07
HCLonely,(<_<),2022-04-17 10:58:10
Ai-Bot,打卡,2022-04-17 11:00:31
一只AB丶,钝角,2022-04-17 11:01:42
-铝热剂手雷-,(〜￣△￣)〜,2022-04-17 11:04:36
主播丶潜质,草……,2022-04-15 22:14:06
主播丶潜质,带来笑容！！！！！,2022-04-15 22:14:15
玖季Starlight,(=・ω・=),2022-04-15 23:20:50
玖季Starlight,(=・ω・=),2022-04-16 01:06:08
主播丶潜质,鳗鳗直呼不如,2022-04-16 21:41:28
主播丶潜质,0,2022-04-16 22:23:03
主播丶潜质,还有半小时,2022-04-16 22:30:50
主播丶潜质,对的捏,2022-04-16 22:32:13
主播丶潜质,乐,2022-04-16 23:32:37
玖季Starlight,(=・ω・=),2022-04-17 00:24:03
泽酱K-ON,(･∀･),2022-04-17 10:48:00
奥西耶克,1,2022-04-17 10:48:20
游星QwQ,（￣▽￣）,2022-04-17 10:48:35
Ai-Bot,打卡,2022-04-17 10:50:31
Gerry_热里,弹幕签到补偿thi,2022-04-17 10:55:01
好想睡个觉啊,ヽ(°∀°)ﾉ,2022-04-17 10:57:07
HCLonely,(<_<),2022-04-17 10:58:10
Ai-Bot,打卡,2022-04-17 11:00:31
一只AB丶,钝角,2022-04-17 11:01:42
-铝热剂手雷-,(〜￣△￣)〜,2022-04-17 11:04:36
主播丶潜质,草……,2022-04-15 22:14:06
主播丶潜质,带来笑容！！！！！,2022-04-15 22:14:15
玖季Starlight,(=・ω・=),2022-04-15 23:20:50
玖季Starlight,(=・ω・=),2022-04-16 01:06:08
主播丶潜质,鳗鳗直呼不如,2022-04-16 21:41:28
主播丶潜质,0,2022-04-16 22:23:03
主播丶潜质,还有半小时,2022-04-16 22:30:50
主播丶潜质,对的捏,2022-04-16 22:32:13
主播丶潜质,乐,2022-04-16 23:32:37
玖季Starlight,(=・ω・=),2022-04-17 00:24:03
泽酱K-ON,(･∀･),2022-04-17 10:48:00
奥西耶克,1,2022-04-17 10:48:20
游星QwQ,（￣▽￣）,2022-04-17 10:48:35
Ai-Bot,打卡,2022-04-17 10:50:31
Gerry_热里,弹幕签到补偿thi,2022-04-17 10:55:01
好想睡个觉啊,ヽ(°∀°)ﾉ,2022-04-17 10:57:07
HCLonely,(<_<),2022-04-17 10:58:10
Ai-Bot,打卡,2022-04-17 11:00:31
一只AB丶,钝角,2022-04-17 11:01:42
-铝热剂手雷-,(〜￣△￣)〜,2022-04-17 11:04:36
主播丶潜质,草……,2022-04-15 22:14:06
主播丶潜质,带来笑容！！！！！,2022-04-15 22:14:15
玖季Starlight,(=・ω・=),2022-04-15 23:20:50
玖季Starlight,(=・ω・=),2022-04-16 01:06:08
主播丶潜质,鳗鳗直呼不如,2022-04-16 21:41:28
主播丶潜质,0,2022-04-16 22:23:03
主播丶潜质,还有半小时,2022-04-16 22:30:50
主播丶潜质,对的捏,2022-04-16 22:32:13
主播丶潜质,乐,2022-04-16 23:32:37
玖季Starlight,(=・ω・=),2022-04-17 00:24:03
泽酱K-ON,(･∀･),2022-04-17 10:48:00
奥西耶克,1,2022-04-17 10:48:20
游星QwQ,（￣▽￣）,2022-04-17 10:48:35
Ai-Bot,打卡,2022-04-17 10:50:31
Gerry_热里,弹幕签到补偿thi,2022-04-17 10:55:01
好想睡个觉啊,ヽ(°∀°)ﾉ,2022-04-17 10:57:07
HCLonely,(<_<),2022-04-17 10:58:10
Ai-Bot,打卡,2022-04-17 11:00:31
一只AB丶,钝角,2022-04-17 11:01:42
-铝热剂手雷-,(〜￣△￣)〜,2022-04-17 11:04:36
主播丶潜质,草……,2022-04-15 22:14:06
主播丶潜质,带来笑容！！！！！,2022-04-15 22:14:15
玖季Starlight,(=・ω・=),2022-04-15 23:20:50
玖季Starlight,(=・ω・=),2022-04-16 01:06:08
主播丶潜质,鳗鳗直呼不如,2022-04-16 21:41:28
主播丶潜质,0,2022-04-16 22:23:03
主播丶潜质,还有半小时,2022-04-16 22:30:50
主播丶潜质,对的捏,2022-04-16 22:32:13
主播丶潜质,乐,2022-04-16 23:32:37
玖季Starlight,(=・ω・=),2022-04-17 00:24:03
泽酱K-ON,(･∀･),2022-04-17 10:48:00
奥西耶克,1,2022-04-17 10:48:20
游星QwQ,（￣▽￣）,2022-04-17 10:48:35
Ai-Bot,打卡,2022-04-17 10:50:31
Gerry_热里,弹幕签到补偿thi,2022-04-17 10:55:01
好想睡个觉啊,ヽ(°∀°)ﾉ,2022-04-17 10:57:07
HCLonely,(<_<),2022-04-17 10:58:10
Ai-Bot,打卡,2022-04-17 11:00:31
一只AB丶,钝角,2022-04-17 11:01:42
-铝热剂手雷-,(〜￣△￣)〜,2022-04-17 11:04:36
主播丶潜质,草……,2022-04-15 22:14:06
主播丶潜质,带来笑容！！！！！,2022-04-15 22:14:15
玖季Starlight,(=・ω・=),2022-04-15 23:20:50
玖季Starlight,(=・ω・=),2022-04-16 01:06:08
主播丶潜质,鳗鳗直呼不如,2022-04-16 21:41:28
主播丶潜质,0,2022-04-16 22:23:03
主播丶潜质,还有半小时,2022-04-16 22:30:50
主播丶潜质,对的捏,2022-04-16 22:32:13
主播丶潜质,乐,2022-04-16 23:32:37
玖季Starlight,(=・ω・=),2022-04-17 00:24:03
奥西耶克,1,2022-04-17 10:48:20
游星QwQ,（￣▽￣）,2022-04-17 10:48:35
Ai-Bot,打卡,2022-04-17 10:50:31
Gerry_热里,弹幕签到补偿thi,2022-04-17 10:55:01
好想睡个觉啊,ヽ(°∀°)ﾉ,2022-04-17 10:57:07
HCLonely,(<_<),2022-04-17 10:58:10
Ai-Bot,打卡,2022-04-17 11:00:31
一只AB丶,钝角,2022-04-17 11:01:42
-铝热剂手雷-,(〜￣△￣)〜,2022-04-17 11:04:36
齐鲁u,(｀・ω・´),2022-04-17 11:05:10
主播丶潜质,草……,2022-04-15 22:14:06
主播丶潜质,带来笑容！！！！！,2022-04-15 22:14:15
玖季Starlight,(=・ω・=),2022-04-15 23:20:50
玖季Starlight,(=・ω・=),2022-04-16 01:06:08
主播丶潜质,鳗鳗直呼不如,2022-04-16 21:41:28
主播丶潜质,0,2022-04-16 22:23:03
主播丶潜质,还有半小时,2022-04-16 22:30:50
主播丶潜质,对的捏,2022-04-16 22:32:13
主播丶潜质,乐,2022-04-16 23:32:37
玖季Starlight,(=・ω・=),2022-04-17 00:24:03
奥西耶克,1,2022-04-17 10:48:20
游星QwQ,（￣▽￣）,2022-04-17 10:48:35
Ai-Bot,打卡,2022-04-17 10:50:31
Gerry_热里,弹幕签到补偿thi,2022-04-17 10:55:01
好想睡个觉啊,ヽ(°∀°)ﾉ,2022-04-17 10:57:07
HCLonely,(<_<),2022-04-17 10:58:10
Ai-Bot,打卡,2022-04-17 11:00:31
一只AB丶,钝角,2022-04-17 11:01:42
-铝热剂手雷-,(〜￣△￣)〜,2022-04-17 11:04:36
齐鲁u,(｀・ω・´),2022-04-17 11:05:10
主播丶潜质,草……,2022-04-15 22:14:06
主播丶潜质,带来笑容！！！！！,2022-04-15 22:14:15
玖季Starlight,(=・ω・=),2022-04-15 23:20:50
玖季Starlight,(=・ω・=),2022-04-16 01:06:08
主播丶潜质,鳗鳗直呼不如,2022-04-16 21:41:28
主播丶潜质,0,2022-04-16 22:23:03
主播丶潜质,还有半小时,2022-04-16 22:30:50
主播丶潜质,对的捏,2022-04-16 22:32:13
主播丶潜质,乐,2022-04-16 23:32:37
玖季Starlight,(=・ω・=),2022-04-17 00:24:03
奥西耶克,1,2022-04-17 10:48:20
游星QwQ,（￣▽￣）,2022-04-17 10:48:35
Ai-Bot,打卡,2022-04-17 10:50:31
Gerry_热里,弹幕签到补偿thi,2022-04-17 10:55:01
好想睡个觉啊,ヽ(°∀°)ﾉ,2022-04-17 10:57:07
HCLonely,(<_<),2022-04-17 10:58:10
Ai-Bot,打卡,2022-04-17 11:00:31
一只AB丶,钝角,2022-04-17 11:01:42
-铝热剂手雷-,(〜￣△￣)〜,2022-04-17 11:04:36
齐鲁u,(｀・ω・´),2022-04-17 11:05:10
主播丶潜质,草……,2022-04-15 22:14:06
主播丶潜质,带来笑容！！！！！,2022-04-15 22:14:15
玖季Starlight,(=・ω・=),2022-04-15 23:20:50
玖季Starlight,(=・ω・=),2022-04-16 01:06:08
主播丶潜质,鳗鳗直呼不如,2022-04-16 21:41:28
主播丶潜质,0,2022-04-16 22:23:03
主播丶潜质,还有半小时,2022-04-16 22:30:50
主播丶潜质,对的捏,2022-04-16 22:32:13
主播丶潜质,乐,2022-04-16 23:32:37
玖季Starlight,(=・ω・=),2022-04-17 00:24:03
奥西耶克,1,2022-04-17 10:48:20
游星QwQ,（￣▽￣）,2022-04-17 10:48:35
Ai-Bot,打卡,2022-04-17 10:50:31
Gerry_热里,弹幕签到补偿thi,2022-04-17 10:55:01
好想睡个觉啊,ヽ(°∀°)ﾉ,2022-04-17 10:57:07
HCLonely,(<_<),2022-04-17 10:58:10
Ai-Bot,打卡,2022-04-17 11:00:31
一只AB丶,钝角,2022-04-17 11:01:42
-铝热剂手雷-,(〜￣△￣)〜,2022-04-17 11:04:36
齐鲁u,(｀・ω・´),2022-04-17 11:05:10
主播丶潜质,草……,2022-04-15 22:14:06
主播丶潜质,带来笑容！！！！！,2022-04-15 22:14:15
玖季Starlight,(=・ω・=),2022-04-15 23:20:50
玖季Starlight,(=・ω・=),2022-04-16 01:06:08
主播丶潜质,鳗鳗直呼不如,2022-04-16 21:41:28
主播丶潜质,0,2022-04-16 22:23:03
主播丶潜质,还有半小时,2022-04-16 22:30:50
主播丶潜质,对的捏,2022-04-16 22:32:13
主播丶潜质,乐,2022-04-16 23:32:37
玖季Starlight,(=・ω・=),2022-04-17 00:24:03
奥西耶克,1,2022-04-17 10:48:20
游星QwQ,（￣▽￣）,2022-04-17 10:48:35
Ai-Bot,打卡,2022-04-17 10:50:31
Gerry_热里,弹幕签到补偿thi,2022-04-17 10:55:01
好想睡个觉啊,ヽ(°∀°)ﾉ,2022-04-17 10:57:07
HCLonely,(<_<),2022-04-17 10:58:10
Ai-Bot,打卡,2022-04-17 11:00:31
一只AB丶,钝角,2022-04-17 11:01:42
-铝热剂手雷-,(〜￣△￣)〜,2022-04-17 11:04:36
齐鲁u,(｀・ω・´),2022-04-17 11:05:10
主播丶潜质,草……,2022-04-15 22:14:06
主播丶潜质,带来笑容！！！！！,2022-04-15 22:14:15
玖季Starlight,(=・ω・=),2022-04-15 23:20:50
玖季Starlight,(=・ω・=),2022-04-16 01:06:08
主播丶潜质,鳗鳗直呼不如,2022-04-16 21:41:28
主播丶潜质,0,2022-04-16 22:23:03
主播丶潜质,还有半小时,2022-04-16 22:30:50
主播丶潜质,对的捏,2022-04-16 22:32:13
主播丶潜质,乐,2022-04-16 23:32:37
玖季Starlight,(=・ω・=),2022-04-17 00:24:03
游星QwQ,（￣▽￣）,2022-04-17 10:48:35
Ai-Bot,打卡,2022-04-17 10:50:31
Gerry_热里,弹幕签到补偿thi,2022-04-17 10:55:01
好想睡个觉啊,ヽ(°∀°)ﾉ,2022-04-17 10:57:07
HCLonely,(<_<),2022-04-17 10:58:10
Ai-Bot,打卡,2022-04-17 11:00:31
一只AB丶,钝角,2022-04-17 11:01:42
-铝热剂手雷-,(〜￣△￣)〜,2022-04-17 11:04:36
齐鲁u,(｀・ω・´),2022-04-17 11:05:10
彩虹独角兽乔巴,(｀・ω・´),2022-04-17 11:08:31
主播丶潜质,草……,2022-04-15 22:14:06
主播丶潜质,带来笑容！！！！！,2022-04-15 22:14:15
玖季Starlight,(=・ω・=),2022-04-15 23:20:50
玖季Starlight,(=・ω・=),2022-04-16 01:06:08
主播丶潜质,鳗鳗直呼不如,2022-04-16 21:41:28
主播丶潜质,0,2022-04-16 22:23:03
主播丶潜质,还有半小时,2022-04-16 22:30:50
主播丶潜质,对的捏,2022-04-16 22:32:13
主播丶潜质,乐,2022-04-16 23:32:37
玖季Starlight,(=・ω・=),2022-04-17 00:24:03
游星QwQ,（￣▽￣）,2022-04-17 10:48:35
Ai-Bot,打卡,2022-04-17 10:50:31
Gerry_热里,弹幕签到补偿thi,2022-04-17 10:55:01
好想睡个觉啊,ヽ(°∀°)ﾉ,2022-04-17 10:57:07
HCLonely,(<_<),2022-04-17 10:58:10
Ai-Bot,打卡,2022-04-17 11:00:31
一只AB丶,钝角,2022-04-17 11:01:42
-铝热剂手雷-,(〜￣△￣)〜,2022-04-17 11:04:36
齐鲁u,(｀・ω・´),2022-04-17 11:05:10
彩虹独角兽乔巴,(｀・ω・´),2022-04-17 11:08:31
主播丶潜质,草……,2022-04-15 22:14:06
主播丶潜质,带来笑容！！！！！,2022-04-15 22:14:15
玖季Starlight,(=・ω・=),2022-04-15 23:20:50
玖季Starlight,(=・ω・=),2022-04-16 01:06:08
主播丶潜质,鳗鳗直呼不如,2022-04-16 21:41:28
主播丶潜质,0,2022-04-16 22:23:03
主播丶潜质,还有半小时,2022-04-16 22:30:50
主播丶潜质,对的捏,2022-04-16 22:32:13
主播丶潜质,乐,2022-04-16 23:32:37
玖季Starlight,(=・ω・=),2022-04-17 00:24:03
游星QwQ,（￣▽￣）,2022-04-17 10:48:35
Ai-Bot,打卡,2022-04-17 10:50:31
Gerry_热里,弹幕签到补偿thi,2022-04-17 10:55:01
好想睡个觉啊,ヽ(°∀°)ﾉ,2022-04-17 10:57:07
HCLonely,(<_<),2022-04-17 10:58:10
Ai-Bot,打卡,2022-04-17 11:00:31
一只AB丶,钝角,2022-04-17 11:01:42
-铝热剂手雷-,(〜￣△￣)〜,2022-04-17 11:04:36
齐鲁u,(｀・ω・´),2022-04-17 11:05:10
彩虹独角兽乔巴,(｀・ω・´),2022-04-17 11:08:31
主播丶潜质,草……,2022-04-15 22:14:06
主播丶潜质,带来笑容！！！！！,2022-04-15 22:14:15
玖季Starlight,(=・ω・=),2022-04-15 23:20:50
玖季Starlight,(=・ω・=),2022-04-16 01:06:08
主播丶潜质,鳗鳗直呼不如,2022-04-16 21:41:28
主播丶潜质,0,2022-04-16 22:23:03
主播丶潜质,还有半小时,2022-04-16 22:30:50
主播丶潜质,对的捏,2022-04-16 22:32:13
主播丶潜质,乐,2022-04-16 23:32:37
玖季Starlight,(=・ω・=),2022-04-17 00:24:03
游星QwQ,（￣▽￣）,2022-04-17 10:48:35
Ai-Bot,打卡,2022-04-17 10:50:31
Gerry_热里,弹幕签到补偿thi,2022-04-17 10:55:01
好想睡个觉啊,ヽ(°∀°)ﾉ,2022-04-17 10:57:07
HCLonely,(<_<),2022-04-17 10:58:10
Ai-Bot,打卡,2022-04-17 11:00:31
一只AB丶,钝角,2022-04-17 11:01:42
-铝热剂手雷-,(〜￣△￣)〜,2022-04-17 11:04:36
齐鲁u,(｀・ω・´),2022-04-17 11:05:10
彩虹独角兽乔巴,(｀・ω・´),2022-04-17 11:08:31
主播丶潜质,草……,2022-04-15 22:14:06
主播丶潜质,带来笑容！！！！！,2022-04-15 22:14:15
玖季Starlight,(=・ω・=),2022-04-15 23:20:50
玖季Starlight,(=・ω・=),2022-04-16 01:06:08
主播丶潜质,鳗鳗直呼不如,2022-04-16 21:41:28
主播丶潜质,0,2022-04-16 22:23:03
主播丶潜质,还有半小时,2022-04-16 22:30:50
主播丶潜质,对的捏,2022-04-16 22:32:13
主播丶潜质,乐,2022-04-16 23:32:37
玖季Starlight,(=・ω・=),2022-04-17 00:24:03
游星QwQ,（￣▽￣）,2022-04-17 10:48:35
Ai-Bot,打卡,2022-04-17 10:50:31
Gerry_热里,弹幕签到补偿thi,2022-04-17 10:55:01
好想睡个觉啊,ヽ(°∀°)ﾉ,2022-04-17 10:57:07
HCLonely,(<_<),2022-04-17 10:58:10
Ai-Bot,打卡,2022-04-17 11:00:31
一只AB丶,钝角,2022-04-17 11:01:42
-铝热剂手雷-,(〜￣△￣)〜,2022-04-17 11:04:36
齐鲁u,(｀・ω・´),2022-04-17 11:05:10
彩虹独角兽乔巴,(｀・ω・´),2022-04-17 11:08:31
主播丶潜质,草……,2022-04-15 22:14:06
主播丶潜质,带来笑容！！！！！,2022-04-15 22:14:15
玖季Starlight,(=・ω・=),2022-04-15 23:20:50
玖季Starlight,(=・ω・=),2022-04-16 01:06:08
主播丶潜质,鳗鳗直呼不如,2022-04-16 21:41:28
主播丶潜质,0,2022-04-16 22:23:03
主播丶潜质,还有半小时,2022-04-16 22:30:50
主播丶潜质,对的捏,2022-04-16 22:32:13
主播丶潜质,乐,2022-04-16 23:32:37
玖季Starlight,(=・ω・=),2022-04-17 00:24:03
游星QwQ,（￣▽￣）,2022-04-17 10:48:35
Ai-Bot,打卡,2022-04-17 10:50:31
Gerry_热里,弹幕签到补偿thi,2022-04-17 10:55:01
好想睡个觉啊,ヽ(°∀°)ﾉ,2022-04-17 10:57:07
HCLonely,(<_<),2022-04-17 10:58:10
Ai-Bot,打卡,2022-04-17 11:00:31
一只AB丶,钝角,2022-04-17 11:01:42
-铝热剂手雷-,(〜￣△￣)〜,2022-04-17 11:04:36
齐鲁u,(｀・ω・´),2022-04-17 11:05:10
彩虹独角兽乔巴,(｀・ω・´),2022-04-17 11:08:31
主播丶潜质,草……,2022-04-15 22:14:06
主播丶潜质,带来笑容！！！！！,2022-04-15 22:14:15
玖季Starlight,(=・ω・=),2022-04-15 23:20:50
玖季Starlight,(=・ω・=),2022-04-16 01:06:08
主播丶潜质,鳗鳗直呼不如,2022-04-16 21:41:28
主播丶潜质,0,2022-04-16 22:23:03
主播丶潜质,还有半小时,2022-04-16 22:30:50
主播丶潜质,对的捏,2022-04-16 22:32:13
主播丶潜质,乐,2022-04-16 23:32:37
玖季Starlight,(=・ω・=),2022-04-17 00:24:03
游星QwQ,（￣▽￣）,2022-04-17 10:48:35
Ai-Bot,打卡,2022-04-17 10:50:31
Gerry_热里,弹幕签到补偿thi,2022-04-17 10:55:01
好想睡个觉啊,ヽ(°∀°)ﾉ,2022-04-17 10:57:07
HCLonely,(<_<),2022-04-17 10:58:10
Ai-Bot,打卡,2022-04-17 11:00:31
一只AB丶,钝角,2022-04-17 11:01:42
-铝热剂手雷-,(〜￣△￣)〜,2022-04-17 11:04:36
齐鲁u,(｀・ω・´),2022-04-17 11:05:10
彩虹独角兽乔巴,(｀・ω・´),2022-04-17 11:08:31
主播丶潜质,草……,2022-04-15 22:14:06
主播丶潜质,带来笑容！！！！！,2022-04-15 22:14:15
玖季Starlight,(=・ω・=),2022-04-15 23:20:50
玖季Starlight,(=・ω・=),2022-04-16 01:06:08
主播丶潜质,鳗鳗直呼不如,2022-04-16 21:41:28
主播丶潜质,0,2022-04-16 22:23:03
主播丶潜质,还有半小时,2022-04-16 22:30:50
主播丶潜质,对的捏,2022-04-16 22:32:13
主播丶潜质,乐,2022-04-16 23:32:37
玖季Starlight,(=・ω・=),2022-04-17 00:24:03
游星QwQ,（￣▽￣）,2022-04-17 10:48:35
Ai-Bot,打卡,2022-04-17 10:50:31
Gerry_热里,弹幕签到补偿thi,2022-04-17 10:55:01
好想睡个觉啊,ヽ(°∀°)ﾉ,2022-04-17 10:57:07
HCLonely,(<_<),2022-04-17 10:58:10
Ai-Bot,打卡,2022-04-17 11:00:31
一只AB丶,钝角,2022-04-17 11:01:42
-铝热剂手雷-,(〜￣△￣)〜,2022-04-17 11:04:36
齐鲁u,(｀・ω・´),2022-04-17 11:05:10
彩虹独角兽乔巴,(｀・ω・´),2022-04-17 11:08:31
主播丶潜质,草……,2022-04-15 22:14:06
主播丶潜质,带来笑容！！！！！,2022-04-15 22:14:15
玖季Starlight,(=・ω・=),2022-04-15 23:20:50
玖季Starlight,(=・ω・=),2022-04-16 01:06:08
主播丶潜质,鳗鳗直呼不如,2022-04-16 21:41:28
主播丶潜质,0,2022-04-16 22:23:03
主播丶潜质,还有半小时,2022-04-16 22:30:50
主播丶潜质,对的捏,2022-04-16 22:32:13
主播丶潜质,乐,2022-04-16 23:32:37
玖季Starlight,(=・ω・=),2022-04-17 00:24:03
HCLonely,(<_<),2022-04-17 10:58:10
Ai-Bot,打卡,2022-04-17 11:00:31
一只AB丶,钝角,2022-04-17 11:01:42
-铝热剂手雷-,(〜￣△￣)〜,2022-04-17 11:04:36
齐鲁u,(｀・ω・´),2022-04-17 11:05:10
彩虹独角兽乔巴,(｀・ω・´),2022-04-17 11:08:31
黄嘉琦,(｀・ω・´),2022-04-17 11:15:39
潜龙戏雨,1,2022-04-17 11:15:56
书写笔记,(=・ω・=),2022-04-17 11:19:35
资深绅士的尴尬,赞,2022-04-17 11:20:00
主播丶潜质,草……,2022-04-15 22:14:06
主播丶潜质,带来笑容！！！！！,2022-04-15 22:14:15
玖季Starlight,(=・ω・=),2022-04-15 23:20:50
玖季Starlight,(=・ω・=),2022-04-16 01:06:08
主播丶潜质,鳗鳗直呼不如,2022-04-16 21:41:28
主播丶潜质,0,2022-04-16 22:23:03
主播丶潜质,还有半小时,2022-04-16 22:30:50
主播丶潜质,对的捏,2022-04-16 22:32:13
主播丶潜质,乐,2022-04-16 23:32:37
玖季Starlight,(=・ω・=),2022-04-17 00:24:03
HCLonely,(<_<),2022-04-17 10:58:10
Ai-Bot,打卡,2022-04-17 11:00:31
一只AB丶,钝角,2022-04-17 11:01:42
-铝热剂手雷-,(〜￣△￣)〜,2022-04-17 11:04:36
齐鲁u,(｀・ω・´),2022-04-17 11:05:10
彩虹独角兽乔巴,(｀・ω・´),2022-04-17 11:08:31
黄嘉琦,(｀・ω・´),2022-04-17 11:15:39
潜龙戏雨,1,2022-04-17 11:15:56
书写笔记,(=・ω・=),2022-04-17 11:19:35
资深绅士的尴尬,赞,2022-04-17 11:20:00
主播丶潜质,草……,2022-04-15 22:14:06
主播丶潜质,带来笑容！！！！！,2022-04-15 22:14:15
玖季Starlight,(=・ω・=),2022-04-15 23:20:50
玖季Starlight,(=・ω・=),2022-04-16 01:06:08
主播丶潜质,鳗鳗直呼不如,2022-04-16 21:41:28
主播丶潜质,0,2022-04-16 22:23:03
主播丶潜质,还有半小时,2022-04-16 22:30:50
主播丶潜质,对的捏,2022-04-16 22:32:13
主播丶潜质,乐,2022-04-16 23:32:37
玖季Starlight,(=・ω・=),2022-04-17 00:24:03
Shatter-dream,。,2022-04-17 11:23:25
双石SAMA,每日打卡,2022-04-17 11:27:04
小提莫的蘑菇阵,(^・ω・^ ),2022-04-17 11:31:33
Zelenskiy,打卡,2022-04-17 11:31:33
柒久零久贰一,打卡,2022-04-17 11:33:27
幻世的未来,7,2022-04-17 11:35:48
EmperaCreator,111,2022-04-17 11:37:49
wz6668882,(｀・ω・´),2022-04-17 11:39:54
雪豹の悲歌,1,2022-04-17 11:40:20
路西法多,1,2022-04-17 11:42:28
主播丶潜质,草……,2022-04-15 22:14:06
主播丶潜质,带来笑容！！！！！,2022-04-15 22:14:15
玖季Starlight,(=・ω・=),2022-04-15 23:20:50
玖季Starlight,(=・ω・=),2022-04-16 01:06:08
主播丶潜质,鳗鳗直呼不如,2022-04-16 21:41:28
主播丶潜质,0,2022-04-16 22:23:03
主播丶潜质,还有半小时,2022-04-16 22:30:50
主播丶潜质,对的捏,2022-04-16 22:32:13
主播丶潜质,乐,2022-04-16 23:32:37
玖季Starlight,(=・ω・=),2022-04-17 00:24:03
Shatter-dream,。,2022-04-17 11:23:25
双石SAMA,每日打卡,2022-04-17 11:27:04
小提莫的蘑菇阵,(^・ω・^ ),2022-04-17 11:31:33
Zelenskiy,打卡,2022-04-17 11:31:33
柒久零久贰一,打卡,2022-04-17 11:33:27
幻世的未来,7,2022-04-17 11:35:48
EmperaCreator,111,2022-04-17 11:37:49
wz6668882,(｀・ω・´),2022-04-17 11:39:54
雪豹の悲歌,1,2022-04-17 11:40:20
路西法多,1,2022-04-17 11:42:28
主播丶潜质,草……,2022-04-15 22:14:06
主播丶潜质,带来笑容！！！！！,2022-04-15 22:14:15
玖季Starlight,(=・ω・=),2022-04-15 23:20:50
玖季Starlight,(=・ω・=),2022-04-16 01:06:08
主播丶潜质,鳗鳗直呼不如,2022-04-16 21:41:28
主播丶潜质,0,2022-04-16 22:23:03
主播丶潜质,还有半小时,2022-04-16 22:30:50
主播丶潜质,对的捏,2022-04-16 22:32:13
主播丶潜质,乐,2022-04-16 23:32:37
玖季Starlight,(=・ω・=),2022-04-17 00:24:03
Shatter-dream,。,2022-04-17 11:23:25
双石SAMA,每日打卡,2022-04-17 11:27:04
小提莫的蘑菇阵,(^・ω・^ ),2022-04-17 11:31:33
Zelenskiy,打卡,2022-04-17 11:31:33
柒久零久贰一,打卡,2022-04-17 11:33:27
幻世的未来,7,2022-04-17 11:35:48
EmperaCreator,111,2022-04-17 11:37:49
wz6668882,(｀・ω・´),2022-04-17 11:39:54
雪豹の悲歌,1,2022-04-17 11:40:20
路西法多,1,2022-04-17 11:42:28
主播丶潜质,草……,2022-04-15 22:14:06
主播丶潜质,带来笑容！！！！！,2022-04-15 22:14:15
玖季Starlight,(=・ω・=),2022-04-15 23:20:50
玖季Starlight,(=・ω・=),2022-04-16 01:06:08
主播丶潜质,鳗鳗直呼不如,2022-04-16 21:41:28
主播丶潜质,0,2022-04-16 22:23:03
主播丶潜质,还有半小时,2022-04-16 22:30:50
主播丶潜质,对的捏,2022-04-16 22:32:13
主播丶潜质,乐,2022-04-16 23:32:37
玖季Starlight,(=・ω・=),2022-04-17 00:24:03
Shatter-dream,。,2022-04-17 11:23:25
双石SAMA,每日打卡,2022-04-17 11:27:04
小提莫的蘑菇阵,(^・ω・^ ),2022-04-17 11:31:33
Zelenskiy,打卡,2022-04-17 11:31:33
柒久零久贰一,打卡,2022-04-17 11:33:27
幻世的未来,7,2022-04-17 11:35:48
EmperaCreator,111,2022-04-17 11:37:49
wz6668882,(｀・ω・´),2022-04-17 11:39:54
雪豹の悲歌,1,2022-04-17 11:40:20
路西法多,1,2022-04-17 11:42:28
主播丶潜质,草……,2022-04-15 22:14:06
主播丶潜质,带来笑容！！！！！,2022-04-15 22:14:15
玖季Starlight,(=・ω・=),2022-04-15 23:20:50
玖季Starlight,(=・ω・=),2022-04-16 01:06:08
主播丶潜质,鳗鳗直呼不如,2022-04-16 21:41:28
主播丶潜质,0,2022-04-16 22:23:03
主播丶潜质,还有半小时,2022-04-16 22:30:50
主播丶潜质,对的捏,2022-04-16 22:32:13
主播丶潜质,乐,2022-04-16 23:32:37
玖季Starlight,(=・ω・=),2022-04-17 00:24:03
Shatter-dream,。,2022-04-17 11:23:25
双石SAMA,每日打卡,2022-04-17 11:27:04
小提莫的蘑菇阵,(^・ω・^ ),2022-04-17 11:31:33
Zelenskiy,打卡,2022-04-17 11:31:33
柒久零久贰一,打卡,2022-04-17 11:33:27
幻世的未来,7,2022-04-17 11:35:48
EmperaCreator,111,2022-04-17 11:37:49
wz6668882,(｀・ω・´),2022-04-17 11:39:54
雪豹の悲歌,1,2022-04-17 11:40:20
路西法多,1,2022-04-17 11:42:28
主播丶潜质,草……,2022-04-15 22:14:06
主播丶潜质,带来笑容！！！！！,2022-04-15 22:14:15
玖季Starlight,(=・ω・=),2022-04-15 23:20:50
玖季Starlight,(=・ω・=),2022-04-16 01:06:08
主播丶潜质,鳗鳗直呼不如,2022-04-16 21:41:28
主播丶潜质,0,2022-04-16 22:23:03
主播丶潜质,还有半小时,2022-04-16 22:30:50
主播丶潜质,对的捏,2022-04-16 22:32:13
主播丶潜质,乐,2022-04-16 23:32:37
玖季Starlight,(=・ω・=),2022-04-17 00:24:03
Shatter-dream,。,2022-04-17 11:23:25
双石SAMA,每日打卡,2022-04-17 11:27:04
小提莫的蘑菇阵,(^・ω・^ ),2022-04-17 11:31:33
Zelenskiy,打卡,2022-04-17 11:31:33
柒久零久贰一,打卡,2022-04-17 11:33:27
幻世的未来,7,2022-04-17 11:35:48
EmperaCreator,111,2022-04-17 11:37:49
wz6668882,(｀・ω・´),2022-04-17 11:39:54
雪豹の悲歌,1,2022-04-17 11:40:20
路西法多,1,2022-04-17 11:42:28
主播丶潜质,草……,2022-04-15 22:14:06
主播丶潜质,带来笑容！！！！！,2022-04-15 22:14:15
玖季Starlight,(=・ω・=),2022-04-15 23:20:50
玖季Starlight,(=・ω・=),2022-04-16 01:06:08
主播丶潜质,鳗鳗直呼不如,2022-04-16 21:41:28
主播丶潜质,0,2022-04-16 22:23:03
主播丶潜质,还有半小时,2022-04-16 22:30:50
主播丶潜质,对的捏,2022-04-16 22:32:13
主播丶潜质,乐,2022-04-16 23:32:37
玖季Starlight,(=・ω・=),2022-04-17 00:24:03
Shatter-dream,。,2022-04-17 11:23:25
双石SAMA,每日打卡,2022-04-17 11:27:04
小提莫的蘑菇阵,(^・ω・^ ),2022-04-17 11:31:33
Zelenskiy,打卡,2022-04-17 11:31:33
柒久零久贰一,打卡,2022-04-17 11:33:27
幻世的未来,7,2022-04-17 11:35:48
EmperaCreator,111,2022-04-17 11:37:49
wz6668882,(｀・ω・´),2022-04-17 11:39:54
雪豹の悲歌,1,2022-04-17 11:40:20
路西法多,1,2022-04-17 11:42:28
主播丶潜质,草……,2022-04-15 22:14:06
主播丶潜质,带来笑容！！！！！,2022-04-15 22:14:15
玖季Starlight,(=・ω・=),2022-04-15 23:20:50
玖季Starlight,(=・ω・=),2022-04-16 01:06:08
主播丶潜质,鳗鳗直呼不如,2022-04-16 21:41:28
主播丶潜质,0,2022-04-16 22:23:03
主播丶潜质,还有半小时,2022-04-16 22:30:50
主播丶潜质,对的捏,2022-04-16 22:32:13
主播丶潜质,乐,2022-04-16 23:32:37
玖季Starlight,(=・ω・=),2022-04-17 00:24:03
小提莫的蘑菇阵,(^・ω・^ ),2022-04-17 11:31:33
Zelenskiy,打卡,2022-04-17 11:31:33
柒久零久贰一,打卡,2022-04-17 11:33:27
幻世的未来,7,2022-04-17 11:35:48
EmperaCreator,111,2022-04-17 11:37:49
wz6668882,(｀・ω・´),2022-04-17 11:39:54
雪豹の悲歌,1,2022-04-17 11:40:20
路西法多,1,2022-04-17 11:42:28
吾-陈-秀气,暗中观察,2022-04-17 11:44:37
Proletariado_,赞,2022-04-17 11:44:37
主播丶潜质,草……,2022-04-15 22:14:06
主播丶潜质,带来笑容！！！！！,2022-04-15 22:14:15
玖季Starlight,(=・ω・=),2022-04-15 23:20:50
玖季Starlight,(=・ω・=),2022-04-16 01:06:08
主播丶潜质,鳗鳗直呼不如,2022-04-16 21:41:28
主播丶潜质,0,2022-04-16 22:23:03
主播丶潜质,还有半小时,2022-04-16 22:30:50
主播丶潜质,对的捏,2022-04-16 22:32:13
主播丶潜质,乐,2022-04-16 23:32:37
玖季Starlight,(=・ω・=),2022-04-17 00:24:03
Zelenskiy,打卡,2022-04-17 11:31:33
柒久零久贰一,打卡,2022-04-17 11:33:27
幻世的未来,7,2022-04-17 11:35:48
EmperaCreator,111,2022-04-17 11:37:49
wz6668882,(｀・ω・´),2022-04-17 11:39:54
雪豹の悲歌,1,2022-04-17 11:40:20
路西法多,1,2022-04-17 11:42:28
吾-陈-秀气,暗中观察,2022-04-17 11:44:37
Proletariado_,赞,2022-04-17 11:44:37
飞鱼_Hiyuu,1,2022-04-17 11:44:40
主播丶潜质,草……,2022-04-15 22:14:06
主播丶潜质,带来笑容！！！！！,2022-04-15 22:14:15
玖季Starlight,(=・ω・=),2022-04-15 23:20:50
玖季Starlight,(=・ω・=),2022-04-16 01:06:08
主播丶潜质,鳗鳗直呼不如,2022-04-16 21:41:28
主播丶潜质,0,2022-04-16 22:23:03
主播丶潜质,还有半小时,2022-04-16 22:30:50
主播丶潜质,对的捏,2022-04-16 22:32:13
主播丶潜质,乐,2022-04-16 23:32:37
玖季Starlight,(=・ω・=),2022-04-17 00:24:03
Zelenskiy,打卡,2022-04-17 11:31:33
柒久零久贰一,打卡,2022-04-17 11:33:27
幻世的未来,7,2022-04-17 11:35:48
EmperaCreator,111,2022-04-17 11:37:49
wz6668882,(｀・ω・´),2022-04-17 11:39:54
雪豹の悲歌,1,2022-04-17 11:40:20
路西法多,1,2022-04-17 11:42:28
吾-陈-秀气,暗中观察,2022-04-17 11:44:37
Proletariado_,赞,2022-04-17 11:44:37
飞鱼_Hiyuu,1,2022-04-17 11:44:40
主播丶潜质,草……,2022-04-15 22:14:06
主播丶潜质,带来笑容！！！！！,2022-04-15 22:14:15
玖季Starlight,(=・ω・=),2022-04-15 23:20:50
玖季Starlight,(=・ω・=),2022-04-16 01:06:08
主播丶潜质,鳗鳗直呼不如,2022-04-16 21:41:28
主播丶潜质,0,2022-04-16 22:23:03
主播丶潜质,还有半小时,2022-04-16 22:30:50
主播丶潜质,对的捏,2022-04-16 22:32:13
主播丶潜质,乐,2022-04-16 23:32:37
玖季Starlight,(=・ω・=),2022-04-17 00:24:03
Zelenskiy,打卡,2022-04-17 11:31:33
柒久零久贰一,打卡,2022-04-17 11:33:27
幻世的未来,7,2022-04-17 11:35:48
EmperaCreator,111,2022-04-17 11:37:49
wz6668882,(｀・ω・´),2022-04-17 11:39:54
雪豹の悲歌,1,2022-04-17 11:40:20
路西法多,1,2022-04-17 11:42:28
吾-陈-秀气,暗中观察,2022-04-17 11:44:37
Proletariado_,赞,2022-04-17 11:44:37
飞鱼_Hiyuu,1,2022-04-17 11:44:40
主播丶潜质,草……,2022-04-15 22:14:06
主播丶潜质,带来笑容！！！！！,2022-04-15 22:14:15
玖季Starlight,(=・ω・=),2022-04-15 23:20:50
玖季Starlight,(=・ω・=),2022-04-16 01:06:08
主播丶潜质,鳗鳗直呼不如,2022-04-16 21:41:28
主播丶潜质,0,2022-04-16 22:23:03
主播丶潜质,还有半小时,2022-04-16 22:30:50
主播丶潜质,对的捏,2022-04-16 22:32:13
主播丶潜质,乐,2022-04-16 23:32:37
玖季Starlight,(=・ω・=),2022-04-17 00:24:03
Zelenskiy,打卡,2022-04-17 11:31:33
柒久零久贰一,打卡,2022-04-17 11:33:27
幻世的未来,7,2022-04-17 11:35:48
EmperaCreator,111,2022-04-17 11:37:49
wz6668882,(｀・ω・´),2022-04-17 11:39:54
雪豹の悲歌,1,2022-04-17 11:40:20
路西法多,1,2022-04-17 11:42:28
吾-陈-秀气,暗中观察,2022-04-17 11:44:37
Proletariado_,赞,2022-04-17 11:44:37
飞鱼_Hiyuu,1,2022-04-17 11:44:40
主播丶潜质,草……,2022-04-15 22:14:06
主播丶潜质,带来笑容！！！！！,2022-04-15 22:14:15
玖季Starlight,(=・ω・=),2022-04-15 23:20:50
玖季Starlight,(=・ω・=),2022-04-16 01:06:08
主播丶潜质,鳗鳗直呼不如,2022-04-16 21:41:28
主播丶潜质,0,2022-04-16 22:23:03
主播丶潜质,还有半小时,2022-04-16 22:30:50
主播丶潜质,对的捏,2022-04-16 22:32:13
主播丶潜质,乐,2022-04-16 23:32:37
玖季Starlight,(=・ω・=),2022-04-17 00:24:03
